sha256,label
d4963c4448c72355ab971124ddfd65603ed25a171fabb5826bd6b574b261358c,51
2a287b513a2128a40cda5df40e180ae4771b153fa1b7c65c342dd0edeab1f6f4,49
4fec0e8a65dd888064b55b9072b2025a6e1a71fe1cbb5ab1a33dfe69ccb8f75f,45
bbbbfe8c98322c91ddd166daf062b38886f57ba891844c1e1f4b7b6703c7e0e8,36
16ff5a8336679d6e8331e9daff926534d61da5a24b14cc7fbf5170728b0fbb42,50
2a2398d7c555056179d4f7ca54e513426a3a6b227d1dc17f7530abe5fcb322aa,50
0e2ed60693269103b5121225f2863bdad6ebe7dbeb2ee4687700716c5c25b0ee,49
bbb51a1cf7528d5be5c470ed1740b04bf0c6170bff3e604605639a5b2ab77e4f,48
2a26d6e462ad1b7bf6036706c1709a9a8f51b8e3e6f462129921a263ae457d14,48
4fec867392493364c3a9e516d17db819399aed026f99d9820413eb0e3bfa4913,49
0e2ecca1579a2c3a390f7bbb546e89bc1c64ab6805ff33d6cf066619cdbec86e,50
16fdbcf1acb087bebbefde0ca0c3e6ad309b04dcd425e00f8fa67ac040c2176a,51
2a2c5bb45b31243033282cd3ab878026e19d137f074ee437f4308330b82d3cdf,50
d49c66795004dff8e25349b4a1d564702a10be4892db92ba1f73b2bb9b7441e3,50
16f7bc76c281a6555ee32173814afa9a03b38255bd129023f31b63a2c3aa7c19,49
bbb5c4149b5f14b819445d757d92dc73bc1c5b62126b3a77a2e5b04f7d704b4b,49
0e2a11330f9681bec2a70ea9fd8e59ec3f8822db45f625304a7cff564822bf1b,50
4fe09b2b6bbe719c912af1ebf08ea1607f7b8f6152a1471241a02fcbc86118f6,50
0e25170966577426d22ccfb084a08825a6699471c82bdb49c4054c51e681b114,34
4fefb324f2589aca72c2982b073ce09c146d3a37238f84433a0ac18f8d607f88,51
0e2529cedc04e6d9ac728055b61a70f575a6ec1354309b1f0414ee7c442529a7,49
4fefe2483b09894be6612c5da3edcbb8f7d18829a53d155e5659adc76f2933c7,49
6870de4c07a22083286f27ef8607e0c774899e031523e59470ca3b8908bc3a5b,50
99a0c29ae88b839d8802f4cba5e449e83c34b61347a47c0bcf9101b4638393b9,40
6879b06d4b375b6a5a842e375070b72dc3b68ccb799a68d19583ab1cc310a8b3,3
0e25f14096f7d4f38efc4f2313ae6e9bc97428db6af334042e8fd41c905420ae,50
687f7e17d20a676a912f1a048b6eb7ad4228f8a8aba30a8ad1973372863be428,32
99a9b758100c4b27d65658a320434ddaea6940ae2d8c2c5ac3837991f8b31b3d,30
63bb7f3faebd57ce9e3912753deafddf0e14707434bef5a27d0614b99baa8411,51
63bb9bf0477b9fc1b5ce66f298198686ba3ffda841517e06fc4ac2d008204e21,50
0e235c02cf2e7b3a7d43d6789c77f934d32059d0b643c2002a41b1991284a9cd,43
4fedf51890931c97e37bbad1f26100ae8eaf222c82675130147317ee974541ec,31
